"primary","shannon","simpson","invsimpson","observerd_index","chao1","ACE"
"J_XYL_F_0001_01",4.88173728805673,0.992408070012455,131.718812165093,1,1,NA
"J_XYL_F_0001_02",4.88173728805673,0.992408070012455,131.718812165093,1,1,NA
"J_XYL_F_0002_01",4.88173728805673,0.992408070012455,131.718812165093,1,1,NA
"J_XYL_F_0002_02",4.88173728805673,0.992408070012455,131.718812165093,1,1,NA
"J_XYL_F_0003_01",4.88173728805673,0.992408070012455,131.718812165093,1,1,NA
"J_XYL_F_0003_02",4.88173728805673,0.992408070012455,131.718812165093,1,1,NA
"J_XYL_F_0004_01",4.88173728805673,0.992408070012455,131.718812165093,1,1,NA
"J_XYL_F_0004_02",4.88173728805673,0.992408070012455,131.718812165093,1,1,NA
"J_XYL_F_0005_01",4.88173728805673,0.992408070012455,131.718812165093,1,1,NA
"J_XYL_F_0005_02",4.88173728805673,0.992408070012455,131.718812165093,1,1,NA
"J_XYL_F_0006_01",4.88173728805673,0.992408070012455,131.718812165093,1,1,NA
"J_XYL_F_0006_02",4.88173728805673,0.992408070012455,131.718812165093,1,1,NA
"J_XYL_F_0010_01",4.88173728805673,0.992408070012455,131.718812165093,1,1,NA
"J_XYL_F_0010_02",4.88173728805673,0.992408070012455,131.718812165093,1,1,NA
"J_XYL_F_0012_01",4.88173728805673,0.992408070012455,131.718812165093,1,1,NA
"J_XYL_F_0012_02",4.88173728805673,0.992408070012455,131.718812165093,1,1,NA
"J_XYL_F_0013_01",4.88173728805673,0.992408070012455,131.718812165093,1,1,NA
"J_XYL_F_0013_02",4.88173728805673,0.992408070012455,131.718812165093,1,1,NA
"J_XYL_F_0015_01",4.88173728805673,0.992408070012455,131.718812165093,1,1,NA
"J_XYL_F_0015_02",4.88173728805673,0.992408070012455,131.718812165093,1,1,NA
"J_XYL_F_0016_01",4.88173728805673,0.992408070012455,131.718812165093,1,1,NA
"J_XYL_F_0016_02",4.88173728805673,0.992408070012455,131.718812165093,1,1,NA
"J_XYL_F_0018_01",4.88173728805673,0.992408070012455,131.718812165093,1,1,NA
"J_XYL_F_0018_02",4.88173728805673,0.992408070012455,131.718812165093,1,1,NA
"J_XYL_F_0020_01",4.88173728805673,0.992408070012455,131.718812165093,1,1,NA
"J_XYL_F_0020_02",4.88173728805673,0.992408070012455,131.718812165093,1,1,NA
"J_XYL_F_0025_01",4.88173728805673,0.992408070012455,131.718812165093,1,1,NA
"J_XYL_F_0025_02",4.88173728805673,0.992408070012455,131.718812165093,1,1,NA
"J_XYL_F_0031_01",4.88173728805673,0.992408070012455,131.718812165093,1,1,NA
"J_XYL_F_0031_02",4.88173728805673,0.992408070012455,131.718812165093,1,1,NA
"J_XYL_F_0032_01",4.88173728805673,0.992408070012455,131.718812165093,1,1,NA
"J_XYL_F_0032_02",4.88173728805673,0.992408070012455,131.718812165093,1,1,NA
"J_XYL_F_0034_01",4.88173728805673,0.992408070012455,131.718812165093,1,1,NA
"J_XYL_F_0034_02",4.88173728805673,0.992408070012455,131.718812165093,1,1,NA
"J_XYL_F_0036_01",4.88173728805673,0.992408070012455,131.718812165093,1,1,NA
"J_XYL_F_0036_02",4.88173728805673,0.992408070012455,131.718812165093,1,1,NA
"J_XYL_F_0043_01",4.88173728805673,0.992408070012455,131.718812165093,1,1,NA
"J_XYL_F_0043_2",4.88173728805673,0.992408070012455,131.718812165093,1,1,NA
"J_XYL_F_0044_01",4.88173728805673,0.992408070012455,131.718812165093,1,1,NA
"J_XYL_F_0044_02",4.88173728805673,0.992408070012455,131.718812165093,1,1,NA
"J_XYL_F_0045_01",4.88173728805673,0.992408070012455,131.718812165093,1,1,NA
"J_XYL_F_0045_2",4.88173728805673,0.992408070012455,131.718812165093,1,1,NA
"J_XYL_F_0046_01",4.88173728805673,0.992408070012455,131.718812165093,1,1,NA
"J_XYL_F_0046_02",4.88173728805673,0.992408070012455,131.718812165093,1,1,NA
"J_XYL_F_0047_01",4.88173728805673,0.992408070012455,131.718812165093,1,1,NA
"J_XYL_F_0047_02",4.88173728805673,0.992408070012455,131.718812165093,1,1,NA
"J_XYL_F_0048_01",4.88173728805673,0.992408070012455,131.718812165093,1,1,NA
"J_XYL_F_0049_02",4.88173728805673,0.992408070012455,131.718812165093,1,1,NA
"J_XYL_F_0050_01",4.88173728805673,0.992408070012455,131.718812165093,1,1,NA
"J_XYL_F_0050_02",4.88173728805673,0.992408070012455,131.718812165093,1,1,NA
"J_XYL_F_0051_01",4.88173728805673,0.992408070012455,131.718812165093,1,1,NA
"J_XYL_F_0051_02",4.88173728805673,0.992408070012455,131.718812165093,1,1,NA
"J_XYL_F_0053_01",4.88173728805673,0.992408070012455,131.718812165093,1,1,NA
"J_XYL_F_0053_02",4.88173728805673,0.992408070012455,131.718812165093,1,1,NA
"J_XYL_F_0057_01",4.88173728805673,0.992408070012455,131.718812165093,1,1,NA
"J_XYL_F_0057_02",4.88173728805673,0.992408070012455,131.718812165093,1,1,NA
"J_XYL_F_0058_01",4.88173728805673,0.992408070012455,131.718812165093,1,1,NA
"J_XYL_F_0058_02",4.88173728805673,0.992408070012455,131.718812165093,1,1,NA
"J_XYL_F_0059_01",4.88173728805673,0.992408070012455,131.718812165093,1,1,NA
"J_XYL_F_0059_02",4.88173728805673,0.992408070012455,131.718812165093,1,1,NA
"J_XYL_F_0060_01",4.88173728805673,0.992408070012455,131.718812165093,1,1,NA
"J_XYL_F_0060_02",4.88173728805673,0.992408070012455,131.718812165093,1,1,NA
"J_XYL_F_0061_01",4.88173728805673,0.992408070012455,131.718812165093,1,1,NA
"J_XYL_F_0061_02",4.88173728805673,0.992408070012455,131.718812165093,1,1,NA
"J_XYL_F_0062_01",4.88173728805673,0.992408070012455,131.718812165093,1,1,NA
"J_XYL_F_0062_02",4.88173728805673,0.992408070012455,131.718812165093,1,1,NA
"J_XYL_F_0064_01",4.88173728805673,0.992408070012455,131.718812165093,1,1,NA
"J_XYL_F_0064_02",4.88173728805673,0.992408070012455,131.718812165093,1,1,NA
"J_XYL_F_0065_01",4.88173728805673,0.992408070012455,131.718812165093,1,1,NA
"J_XYL_F_0065_02",4.88173728805673,0.992408070012455,131.718812165093,1,1,NA
"J_XYL_F_0066_01",4.88173728805673,0.992408070012455,131.718812165093,1,1,NA
"J_XYL_F_0066_02",4.88173728805673,0.992408070012455,131.718812165093,1,1,NA
"K_XYL_F_0001_01",4.88173728805673,0.992408070012455,131.718812165093,1,1,NA
"K_XYL_F_0001_02",4.88173728805673,0.992408070012455,131.718812165093,1,1,NA
"K_XYL_F_0002_01",4.88173728805673,0.992408070012455,131.718812165093,1,1,NA
"K_XYL_F_0002_02",4.88173728805673,0.992408070012455,131.718812165093,1,1,NA
"K_XYL_F_0003_01",4.88173728805673,0.992408070012455,131.718812165093,1,1,NA
"K_XYL_F_0003_02",4.88173728805673,0.992408070012455,131.718812165093,1,1,NA
"K_XYL_F_0004_01",4.88173728805673,0.992408070012455,131.718812165093,1,1,NA
"K_XYL_F_0004_02",4.88173728805673,0.992408070012455,131.718812165093,1,1,NA
"K_XYL_F_0005_01",4.88173728805673,0.992408070012455,131.718812165093,1,1,NA
"K_XYL_F_0005_02",4.88173728805673,0.992408070012455,131.718812165093,1,1,NA
"K_XYL_F_0007_01",4.88173728805673,0.992408070012455,131.718812165093,1,1,NA
"K_XYL_F_0007_02",4.88173728805673,0.992408070012455,131.718812165093,1,1,NA
"K_XYL_F_0008_01",4.88173728805673,0.992408070012455,131.718812165093,1,1,NA
"K_XYL_F_0008_02",4.88173728805673,0.992408070012455,131.718812165093,1,1,NA
"K_XYL_F_0009_01",4.88173728805673,0.992408070012455,131.718812165093,1,1,NA
"K_XYL_F_0009_02",4.88173728805673,0.992408070012455,131.718812165093,1,1,NA
"K_XYL_F_0009_03",4.88173728805673,0.992408070012455,131.718812165093,1,1,NA
"K_XYL_F_0011_01",4.88173728805673,0.992408070012455,131.718812165093,1,1,NA
"K_XYL_F_0011_02",4.88173728805673,0.992408070012455,131.718812165093,1,1,NA
"K_XYL_F_0012_01",4.88173728805673,0.992408070012455,131.718812165093,1,1,NA
"K_XYL_F_0012_02",4.88173728805673,0.992408070012455,131.718812165093,1,1,NA
"K_XYL_F_0013_01",4.88173728805673,0.992408070012455,131.718812165093,1,1,NA
"K_XYL_F_0013_02",4.88173728805673,0.992408070012455,131.718812165093,1,1,NA
"K_XYL_F_0017_01",4.88173728805673,0.992408070012455,131.718812165093,1,1,NA
"K_XYL_F_0017_02",4.88173728805673,0.992408070012455,131.718812165093,1,1,NA
"K_XYL_F_0018_01",4.88173728805673,0.992408070012455,131.718812165093,1,1,NA
"K_XYL_F_0018_02",4.88173728805673,0.992408070012455,131.718812165093,1,1,NA
"K_XYL_F_0022_01",4.88173728805673,0.992408070012455,131.718812165093,1,1,NA
"K_XYL_F_0022_02",4.88173728805673,0.992408070012455,131.718812165093,1,1,NA
"K_XYL_F_0028_01",4.88173728805673,0.992408070012455,131.718812165093,1,1,NA
"K_XYL_F_0028_02",4.88173728805673,0.992408070012455,131.718812165093,1,1,NA
"K_XYL_F_0030_02",4.88173728805673,0.992408070012455,131.718812165093,1,1,NA
"K_XYL_F_0030_03",4.88173728805673,0.992408070012455,131.718812165093,1,1,NA
"K_XYL_F_0033_01",4.88173728805673,0.992408070012455,131.718812165093,1,1,NA
"K_XYL_F_0033_02",4.88173728805673,0.992408070012455,131.718812165093,1,1,NA
"K_XYL_F_0035_01",4.88173728805673,0.992408070012455,131.718812165093,1,1,NA
"K_XYL_F_0035_02",4.88173728805673,0.992408070012455,131.718812165093,1,1,NA
"K_XYL_F_0035_03",4.88173728805673,0.992408070012455,131.718812165093,1,1,NA
"K_XYL_F_0036_01",4.88173728805673,0.992408070012455,131.718812165093,1,1,NA
"K_XYL_F_0036_02",4.88173728805673,0.992408070012455,131.718812165093,1,1,NA
"K_XYL_F_0037_01",4.88173728805673,0.992408070012455,131.718812165093,1,1,NA
"K_XYL_F_0037_02",4.88173728805673,0.992408070012455,131.718812165093,1,1,NA
"K_XYL_F_0038_01",4.88173728805673,0.992408070012455,131.718812165093,1,1,NA
"K_XYL_F_0038_02",4.88173728805673,0.992408070012455,131.718812165093,1,1,NA
"K_XYL_F_0039_01",4.88173728805673,0.992408070012455,131.718812165093,1,1,NA
"K_XYL_F_0039_02",4.88173728805673,0.992408070012455,131.718812165093,1,1,NA
"K_XYL_F_0042_01",4.88173728805673,0.992408070012455,131.718812165093,1,1,NA
"K_XYL_F_0042_02",4.88173728805673,0.992408070012455,131.718812165093,1,1,NA
"K_XYL_F_0043_01",4.88173728805673,0.992408070012455,131.718812165093,1,1,NA
"K_XYL_F_0043_02",4.88173728805673,0.992408070012455,131.718812165093,1,1,NA
"K_XYL_F_0044_01",4.88173728805673,0.992408070012455,131.718812165093,1,1,NA
"K_XYL_F_0044_02",4.88173728805673,0.992408070012455,131.718812165093,1,1,NA
"K_XYL_F_0045_01",4.88173728805673,0.992408070012455,131.718812165093,1,1,NA
"K_XYL_F_0045_02",4.88173728805673,0.992408070012455,131.718812165093,1,1,NA
"K_XYL_F_0046_01",4.88173728805673,0.992408070012455,131.718812165093,1,1,NA
"K_XYL_F_0046_02",4.88173728805673,0.992408070012455,131.718812165093,1,1,NA
"K_XYL_F_0047_01",4.88173728805673,0.992408070012455,131.718812165093,1,1,NA
"K_XYL_F_0047_02",4.88173728805673,0.992408070012455,131.718812165093,1,1,NA
"K_XYL_F_0048_01",4.88173728805673,0.992408070012455,131.718812165093,1,1,NA
"K_XYL_F_0048_02",4.88173728805673,0.992408070012455,131.718812165093,1,1,NA
