"dimension_coordinate.primary","dimension_coordinate.PCoA1","dimension_coordinate.PCoA2","dimension_coordinate.PCoA3","dimension_axis"
"J_XYL_F_0001_01",0.0383724627620451,0.00119967962225038,1.61061417616848e-05,99.82
"J_XYL_F_0001_02",-0.0420841470611572,0.00191209893893106,4.76474454847633e-05,0.18
"J_XYL_F_0002_01",0.0111103291778975,-0.000614111654729409,1.43320346279153e-05,0
"J_XYL_F_0002_02",-0.0298068501107482,0.000615916590377349,-1.29969390307429e-05,99.82
"J_XYL_F_0003_01",0.0222108988618451,-0.000130480303796627,2.9898651894961e-05,0.18
"J_XYL_F_0003_02",0.0222108988618451,-0.000130480303796627,2.98986518949607e-05,0
"J_XYL_F_0004_01",0.0111103291778975,-0.000614111654729443,1.43320346273079e-05,99.82
"J_XYL_F_0004_02",-0.0298068501107482,0.000615916590377363,-1.29969390306408e-05,0.18
"J_XYL_F_0005_01",0.0111103291778975,-0.000614111654729443,1.43320346267482e-05,0
"J_XYL_F_0005_02",-0.00603238472881881,-0.000675662589300673,-1.91679689413908e-05,99.82
"J_XYL_F_0006_01",0.0330502477819611,0.00067942920274535,2.72375305250788e-05,0.18
"J_XYL_F_0006_02",0.0330502477819611,0.000679429202745371,2.72375305240195e-05,0
"J_XYL_F_0010_01",-0.011877888409508,-0.000506588949536536,-2.67342743367462e-05,99.82
"J_XYL_F_0010_02",-0.0359132509731445,0.00120681207678282,1.06567224017839e-05,0.18
"J_XYL_F_0012_01",0.0111103291778975,-0.000614111654729438,1.43320346267962e-05,0
"J_XYL_F_0012_02",-0.011877888409508,-0.000506588949536536,-2.67342743373067e-05,99.82
"J_XYL_F_0013_01",-0.00603238472881881,-0.000675662589300688,-1.91679689415422e-05,0.18
"J_XYL_F_0013_02",0.016693347235667,-0.000414530752762223,2.37558583870741e-05,0
"J_XYL_F_0015_01",0.0111103291778975,-0.000614111654729438,1.43320346267962e-05,99.82
"J_XYL_F_0015_02",0.00546173549886274,-0.000726225421065705,3.02203930968671e-06,0.18
"J_XYL_F_0016_01",-0.011877888409508,-0.000506588949536542,-2.6734274337097e-05,0
"J_XYL_F_0016_02",-0.00603238472881881,-0.000675662589300673,-1.91679689412832e-05,99.82
"J_XYL_F_0018_01",-0.0237653082135912,0.00013575324031649,-2.56622130071994e-05,0.18
"J_XYL_F_0018_02",0.043630041164522,0.00179317968170635,-2.96988654247247e-06,0
"J_XYL_F_0020_01",-0.0237653082135912,0.000135753240316387,-2.56622130079107e-05,99.82
"J_XYL_F_0020_02",-0.0237653082135912,0.000135753240316397,-2.56622130073182e-05,0.18
"J_XYL_F_0025_01",0.00546173549886274,-0.000726225421065685,3.02203930978901e-06,0
"J_XYL_F_0025_02",-0.0359132509731445,0.00120681207678295,1.06567223999451e-05,99.82
"J_XYL_F_0031_01",-0.0237653082135912,0.000135753240316464,-2.56622130074373e-05,0.18
"J_XYL_F_0031_02",-0.011877888409508,-0.000506588949536516,-2.6734274337871e-05,0
"J_XYL_F_0032_01",-0.0237653082135912,0.000135753240316439,-2.56622130072306e-05,99.82
"J_XYL_F_0032_02",-0.0546175650435953,0.00368091037541678,0.000171765213412777,0.18
"J_XYL_F_0034_01",-0.0177889144544563,-0.000237252119642795,-2.95489871079488e-05,0
"J_XYL_F_0034_02",-0.00603238472881881,-0.000675662589300685,-1.91679689422456e-05,99.82
"J_XYL_F_0036_01",-0.0359132509731445,0.00120681207678282,1.06567224012051e-05,0.18
"J_XYL_F_0036_02",-0.0237653082135913,0.0001357532403165,-2.56622130072114e-05,0
"J_XYL_F_0043_01",-0.0298068501107483,0.000615916590377434,-1.299693902926e-05,99.82
"J_XYL_F_0043_2",0.0330502477819611,0.000679429202745448,2.72375305230792e-05,0.18
"J_XYL_F_0044_01",0.0383724627620452,0.00119967962225017,1.61061417569295e-05,0
"J_XYL_F_0044_02",-0.000252497525572229,-0.000747794965401841,-8.67844024509608e-06,99.82
"J_XYL_F_0045_01",0.0330502477819611,0.000679429202745454,2.72375305234625e-05,0.18
"J_XYL_F_0045_2",-0.0177889144544562,-0.000237252119642868,-2.95489871087869e-05,0
"J_XYL_F_0046_01",-0.0420841470611567,0.00191209893893072,4.76474454851346e-05,99.82
"J_XYL_F_0046_02",-0.0237653082135913,0.0001357532403165,-2.56622130083115e-05,0.18
"J_XYL_F_0047_01",-0.0237653082135913,0.00013575324031648,-2.56622130082431e-05,0
"J_XYL_F_0047_02",-0.0177889144544562,-0.000237252119642848,-2.95489871088536e-05,99.82
"J_XYL_F_0048_01",-0.00603238472881881,-0.000675662589300733,-1.91679689428513e-05,0.18
"J_XYL_F_0049_02",0.0166933472356669,-0.000414530752762287,2.37558583869797e-05,0
"J_XYL_F_0050_01",-0.011877888409508,-0.000506588949536559,-2.67342743399309e-05,99.82
"J_XYL_F_0050_02",0.0689595649553104,0.00577024072338358,-0.000248530092708443,0.18
"J_XYL_F_0051_01",0.0222108988618451,-0.000130480303796638,2.98986518961211e-05,0
"J_XYL_F_0051_02",0.0166933472356669,-0.000414530752762254,2.37558583864238e-05,99.82
"J_XYL_F_0053_01",-0.0420841470611567,0.00191209893893067,4.76474454819984e-05,0.18
"J_XYL_F_0053_02",-0.0177889144544562,-0.000237252119642808,-2.95489871083006e-05,0
"J_XYL_F_0057_01",0.043630041164522,0.00179317968170608,-2.96988654551574e-06,99.82
"J_XYL_F_0057_02",0.00546173549886274,-0.000726225421065741,3.02203930773503e-06,0.18
"J_XYL_F_0058_01",0.0166933472356669,-0.000414530752762257,2.37558583863733e-05,0
"J_XYL_F_0058_02",-0.00603238472881881,-0.000675662589300753,-1.91679689421589e-05,99.82
"J_XYL_F_0059_01",-0.0359132509731445,0.00120681207678303,1.0656722399472e-05,0.18
"J_XYL_F_0059_02",-0.011877888409508,-0.000506588949536534,-2.67342743408194e-05,0
"J_XYL_F_0060_01",-0.0237653082135913,0.00013575324031636,-2.56622130082361e-05,99.82
"J_XYL_F_0060_02",-0.00603238472881881,-0.000675662589300766,-1.91679689422606e-05,0.18
"J_XYL_F_0061_01",0.00546173549886274,-0.000726225421065749,3.02203930793164e-06,0
"J_XYL_F_0061_02",-0.000252497525572228,-0.000747794965401838,-8.6784402458204e-06,99.82
"J_XYL_F_0062_01",-0.0177889144544562,-0.000237252119642793,-2.95489871078198e-05,0.18
"J_XYL_F_0062_02",0.00546173549886274,-0.000726225421065749,3.02203930793164e-06,0
"J_XYL_F_0064_01",-0.0298068501107483,0.000615916590377372,-1.29969390291849e-05,99.82
"J_XYL_F_0064_02",0.0111103291778975,-0.000614111654729447,1.43320346232267e-05,0.18
"J_XYL_F_0065_01",-0.0237653082135912,0.000135753240316333,-2.56622130099353e-05,0
"J_XYL_F_0065_02",-0.00603238472881881,-0.000675662589300757,-1.91679689425045e-05,99.82
"J_XYL_F_0066_01",0.00546173549886274,-0.000726225421065746,3.02203930800199e-06,0.18
"J_XYL_F_0066_02",0.016693347235667,-0.000414530752762283,2.37558583860292e-05,0
"K_XYL_F_0001_01",0.0111103291778975,-0.000614111654729452,1.43320346235565e-05,99.82
"K_XYL_F_0001_02",0.0488232749098681,0.00245731045515627,-3.09491590902652e-05,0.18
"K_XYL_F_0002_01",-0.0177889144544562,-0.000237252119642813,-2.9548987108442e-05,0
"K_XYL_F_0002_02",0.043630041164522,0.00179317968170614,-2.96988654230359e-06,99.82
"K_XYL_F_0003_01",0.0111103291778975,-0.000614111654729427,1.43320346232193e-05,0.18
"K_XYL_F_0003_02",0.0276631354921216,0.000235120416805273,3.14616359343986e-05,0
"K_XYL_F_0004_01",0.016693347235667,-0.000414530752762272,2.37558583862344e-05,99.82
"K_XYL_F_0004_02",0.016693347235667,-0.000414530752762282,2.37558583857771e-05,0.18
"K_XYL_F_0005_01",0.0222108988618451,-0.000130480303796667,2.98986518947353e-05,0
"K_XYL_F_0005_02",-0.00603238472881881,-0.000675662589300749,-1.91679689425062e-05,99.82
"K_XYL_F_0007_01",-0.00603238472881881,-0.000675662589300749,-1.91679689426458e-05,0.18
"K_XYL_F_0007_02",0.0276631354921216,0.000235120416805293,3.14616359333464e-05,0
"K_XYL_F_0008_01",-0.011877888409508,-0.000506588949536497,-2.67342743397943e-05,99.82
"K_XYL_F_0008_02",-0.00603238472881881,-0.00067566258930075,-1.91679689424845e-05,0.18
"K_XYL_F_0009_01",0.016693347235667,-0.000414530752762291,2.37558583852197e-05,0
"K_XYL_F_0009_02",-0.0420841470611567,0.0019120989389306,4.76474454809404e-05,99.82
"K_XYL_F_0009_03",-0.000252497525572226,-0.000747794965401828,-8.67844024572444e-06,0.18
"K_XYL_F_0011_01",-0.00603238472881881,-0.000675662589300754,-1.91679689426327e-05,0
"K_XYL_F_0011_02",-0.00603238472881881,-0.000675662589300754,-1.91679689426331e-05,99.82
"K_XYL_F_0012_01",0.0111103291778975,-0.000614111654729445,1.4332034623545e-05,0.18
"K_XYL_F_0012_02",0.0222108988618451,-0.000130480303796667,2.989865189418e-05,0
"K_XYL_F_0013_01",0.0276631354921216,0.000235120416805303,3.14616359326826e-05,99.82
"K_XYL_F_0013_02",-0.000252497525572226,-0.000747794965401831,-8.67844024563964e-06,0.18
"K_XYL_F_0017_01",-0.00603238472881881,-0.000675662589300747,-1.91679689425075e-05,0
"K_XYL_F_0017_02",-0.00603238472881881,-0.000675662589300744,-1.91679689426343e-05,99.82
"K_XYL_F_0018_01",-0.0237653082135912,0.000135753240316309,-2.56622130097855e-05,0.18
"K_XYL_F_0018_02",0.016693347235667,-0.000414530752762312,2.37558583842512e-05,0
"K_XYL_F_0022_01",0.0111103291778975,-0.000614111654729459,1.43320346230723e-05,99.82
"K_XYL_F_0022_02",-0.0420841470611567,0.00191209893893056,4.76474454810787e-05,0.18
"K_XYL_F_0028_01",0.0276631354921216,0.000235120416805276,3.14616359316849e-05,0
"K_XYL_F_0028_02",0.0111103291778975,-0.000614111654729467,1.43320346236535e-05,99.82
"K_XYL_F_0030_02",0.00546173549886274,-0.000726225421065736,3.02203930827462e-06,0.18
"K_XYL_F_0030_03",0.0222108988618451,-0.000130480303796677,2.9898651893811e-05,0
"K_XYL_F_0033_01",-0.000252497525572226,-0.000747794965401836,-8.67844024561217e-06,99.82
"K_XYL_F_0033_02",-0.0060323847288188,-0.000675662589300748,-1.91679689427422e-05,0.18
"K_XYL_F_0035_01",-0.011877888409508,-0.000506588949536501,-2.67342743390163e-05,0
"K_XYL_F_0035_02",-0.0177889144544563,-0.000237252119642775,-2.95489871074079e-05,99.82
"K_XYL_F_0035_03",0.0111103291778975,-0.000614111654729478,1.43320346234116e-05,0.18
"K_XYL_F_0036_01",-0.0420841470611567,0.00191209893893056,4.76474454821965e-05,0
"K_XYL_F_0036_02",0.0383724627620452,0.0011996796222502,1.61061417537816e-05,99.82
"K_XYL_F_0037_01",0.00546173549886274,-0.00072622542106574,3.02203930824843e-06,0.18
"K_XYL_F_0037_02",-0.00603238472881881,-0.000675662589300754,-1.91679689427741e-05,0
"K_XYL_F_0038_01",0.00546173549886274,-0.000726225421065739,3.02203930828276e-06,99.82
"K_XYL_F_0038_02",-0.00603238472881881,-0.000675662589300754,-1.91679689427741e-05,0.18
"K_XYL_F_0039_01",-0.011877888409508,-0.000506588949536527,-2.67342743396418e-05,0
"K_XYL_F_0039_02",0.0222108988618451,-0.000130480303796689,2.98986518938206e-05,99.82
"K_XYL_F_0042_01",-0.0060323847288188,-0.000675662589300753,-1.91679689428603e-05,0.18
"K_XYL_F_0042_02",0.0276631354921216,0.000235120416805266,3.1461635932343e-05,0
"K_XYL_F_0043_01",-0.0237653082135912,0.000135753240316272,-2.56622130086374e-05,99.82
"K_XYL_F_0043_02",0.016693347235667,-0.000414530752762369,2.37558583840714e-05,0.18
"K_XYL_F_0044_01",0.016693347235667,-0.00041453075276236,2.37558583842137e-05,0
"K_XYL_F_0044_02",0.00546173549886274,-0.000726225421065737,3.02203930848747e-06,99.82
"K_XYL_F_0045_01",-0.0177889144544563,-0.000237252119642721,-2.95489871060994e-05,0.18
"K_XYL_F_0045_02",0.016693347235667,-0.00041453075276236,2.37558583836547e-05,0
"K_XYL_F_0046_01",-0.011877888409508,-0.000506588949536523,-2.67342743388153e-05,99.82
"K_XYL_F_0046_02",0.0330502477819611,0.000679429202745274,2.72375305248167e-05,0.18
"K_XYL_F_0047_01",-0.0177889144544563,-0.000237252119642712,-2.95489871069408e-05,0
"K_XYL_F_0047_02",0.00546173549886274,-0.000726225421065738,3.02203930816962e-06,99.82
"K_XYL_F_0048_01",0.016693347235667,-0.00041453075276237,2.37558583837584e-05,0.18
"K_XYL_F_0048_02",0.016693347235667,-0.00041453075276237,2.37558583837584e-05,0
